item_id,item_name,quantity_bought,avg_buy_price,quantity_sold,avg_sell_price,total_volume,profit_per_item,profit_margin_pct,estimated_total_profit
75919,Fractal Encryption,4600.0,1819.3333333333333,524.0,2125.0,5124.0,305.66666666666674,16.801026016855996,160169.33333333337
36041,Piece of Candy Corn,4250.0,40.5,500.0,55.0,4750.0,14.5,35.80246913580247,7250.0
49424,+1 Agony Infusion,0.0,,2740.0,25.5,2740.0,,,
86378,Corsair Sharpening Stone,1000.0,78.0,1000.0,107.5,2000.0,29.5,37.82051282051282,29500.0
19722,Elder Wood Log,0.0,,1761.0,33.666666666666664,1761.0,,,
72339,Superior Sigil of Concentration,851.0,914.7142857142857,847.0,1535.3333333333333,1698.0,620.6190476190476,67.84840439377375,525664.3333333333
24575,Superior Sigil of Bloodlust,846.0,1189.1666666666667,759.0,1731.842105263158,1605.0,542.6754385964912,45.63493527090325,411890.6578947368
12147,Mushroom,0.0,,1574.0,331.3,1574.0,,,
38460,Toy Sword Skin,765.0,215.0,750.0,321.5,1515.0,106.5,49.53488372093023,79875.0
24560,Superior Sigil of Earth,824.0,1343.8333333333333,683.0,1963.6666666666667,1507.0,619.8333333333335,46.12427136301626,423346.16666666674
24554,Superior Sigil of Air,726.0,1323.4285714285713,673.0,2154.0,1399.0,830.5714285714287,62.75906735751297,558974.5714285715
84731,Piece of Unidentified Gear,1250.0,213.0,0.0,,1250.0,,,
89140,Lucent Mote,1000.0,107.5,209.0,139.5,1209.0,32.0,29.767441860465116,6688.0
43319,Piece of Zhaitaffy,0.0,,1165.0,91.8,1165.0,,,
24612,Superior Sigil of Agony,589.0,1528.0833333333333,482.0,2142.5714285714284,1071.0,614.4880952380952,40.212996361766606,296183.2619047619
24605,Superior Sigil of Geomancy,525.0,371.3333333333333,526.0,572.5833333333334,1051.0,201.25000000000006,54.19658886894078,105857.50000000003
87029,Avocado Smoothie,578.0,833.6,465.0,1190.7307692307693,1043.0,357.13076923076926,42.841982873172896,166065.80769230772
12335,Rosemary Sprig,0.0,,1041.0,103.0,1041.0,,,
24723,Superior Rune of the Eagle,516.0,1619.2857142857142,499.0,2581.266666666667,1015.0,961.9809523809527,59.407734156741675,480028.4952380954
12506,Tarragon Leaves,0.0,,1000.0,121.0,1000.0,,,
68634,Delicious Rice Ball,500.0,106.0,496.0,162.0,996.0,56.0,52.83018867924528,27776.0
97102,Chunk of Pure Jade,0.0,,991.0,311.4,991.0,,,
43773,Quartz Crystal,0.0,,978.0,35.0,978.0,,,
2387,Zhed's Mask,442.0,6183.071428571428,392.0,10313.575757575758,834.0,4130.5043290043295,66.80343865861929,1619157.6969696973
24548,Superior Sigil of Fire,411.0,832.5,411.0,1279.625,822.0,447.125,53.708708708708706,183768.375
24624,Superior Sigil of Smoldering,382.0,2240.714285714286,428.0,2920.3846153846152,810.0,679.6703296703295,30.332752997719513,290898.901098901
24356,Large Fang,0.0,,756.0,78.0,756.0,,,
24277,Pile of Crystalline Dust,708.0,1342.6,0.0,,708.0,,,
24281,Full Venom Sac,0.0,,650.0,545.5,650.0,,,
96955,Saltspray Greatsword,318.0,3139.8888888888887,318.0,5468.413793103448,636.0,2328.5249042145597,74.15946826827219,740470.91954023
19684,Mithril Ingot,0.0,,633.0,64.0,633.0,,,
24292,Vial of Blood,0.0,,631.0,513.0,631.0,,,
84,Zhed's Coat,307.0,6985.2307692307695,307.0,12308.038461538461,614.0,5322.8076923076915,76.2008853845476,1634101.9615384613
97339,Jade Bot Core: Tier 1,305.0,12068.142857142857,278.0,16988.529411764706,583.0,4920.386554621849,40.77169629881855,1367867.462184874
1637,Devona's Helm,289.0,4362.090909090909,289.0,8036.208333333333,578.0,3674.117424242424,84.22835518134895,1061819.9356060605
24578,Superior Sigil of Corruption,269.0,316.6666666666667,270.0,531.0,539.0,214.33333333333331,67.68421052631578,57869.99999999999
2539,Zhed's Leggings,264.0,7524.3,273.0,13078.444444444445,537.0,5554.144444444445,73.8160951110993,1516281.4333333336
24618,Superior Sigil of Accuracy,266.0,4115.6,268.0,5620.375,534.0,1504.7749999999996,36.56271260569539,403279.6999999999
2027,Zhed's Gloves,265.0,6722.416666666667,266.0,10238.363636363636,531.0,3515.946969696969,52.30183048799864,935241.8939393938
38458,Toy Staff Skin,265.0,279.0,250.0,323.0,515.0,44.0,15.770609318996415,11000.0
79793,Bowl of Winterberry Seaweed Salad,250.0,199.0,264.0,329.0,514.0,130.0,65.32663316582915,34320.0
24282,Potent Venom Sac,0.0,,500.0,76.5,500.0,,,
24286,Scale,0.0,,500.0,720.5,500.0,,,
24274,Pile of Radiant Dust,0.0,,500.0,991.0,500.0,,,
24294,Vial of Potent Blood,0.0,,500.0,150.0,500.0,,,
24293,Vial of Thick Blood,0.0,,500.0,549.5,500.0,,,
74328,Leaf Fossil,0.0,,500.0,39.0,500.0,,,
24341,Large Bone,0.0,,500.0,93.0,500.0,,,
68635,Steamed Red Dumpling,250.0,11.0,250.0,15.0,500.0,4.0,36.36363636363637,1000.0
24273,Pile of Shimmering Dust,0.0,,500.0,300.0,500.0,,,
19724,Hard Wood Log,0.0,,500.0,267.0,500.0,,,
24350,Large Claw,0.0,,500.0,81.0,500.0,,,
2693,Zhed's Mantle,249.0,6968.785714285715,249.0,13008.5,498.0,6039.714285714285,86.66810163689102,1503888.857142857
24765,Superior Rune of Balthazar,250.0,908.5,246.0,1042.5,496.0,134.0,14.749587231700605,32964.0
24521,Opal Crystal,0.0,,494.0,151.0,494.0,,,
67368,Sharpening Skull,244.0,426.0,244.0,658.0,488.0,232.0,54.460093896713616,56608.0
50082,Powerful Potion of Slaying Scarlet's Armies,217.0,220.0,267.0,342.0,484.0,122.0,55.45454545454545,32574.0
1858,Devona's Legplates,230.0,4130.8,243.0,7457.529411764706,473.0,3326.729411764706,80.5347490017601,808395.2470588236
24567,Superior Sigil of Frailty,244.0,1001.0,225.0,1576.7777777777778,469.0,575.7777777777778,57.52025752025752,129550.00000000001
810,Devona's Greaves,234.0,4377.888888888889,234.0,8645.052631578947,468.0,4267.163742690058,97.47080958404742,998516.3157894736
1026,Devona's Chestguard,225.0,4269.142857142857,227.0,7395.454545454545,452.0,3126.311688311688,73.23043039145301,709672.7532467532
44976,Impaler,236.0,6572.363636363636,215.0,10277.095238095239,451.0,3704.7316017316025,56.36832967114035,796517.2943722946
24475,Sapphire Crystal,0.0,,440.0,155.5,440.0,,,
47096,Crystalline Blade,229.0,2607.4,200.0,4395.45,429.0,1788.0499999999997,68.57597606811382,357609.99999999994
24344,Bone,0.0,,428.0,973.5,428.0,,,
97270,Saltspray Axe,239.0,2718.3333333333335,183.0,4829.6875,422.0,2111.3541666666665,77.67090741876149,386377.8125
2128,Devona's Pauldrons,207.0,4398.9,209.0,7372.0,416.0,2973.1000000000004,67.58735138330039,621377.9
44941,Watchwork Sprocket,0.0,,399.0,74.5,399.0,,,
24354,Fang,0.0,,390.0,836.0,390.0,,,
24349,Sharp Claw,0.0,,385.0,554.5,385.0,,,
27020,Adam,204.0,3473.2727272727275,181.0,5247.35,385.0,1774.0772727272729,51.077972046275455,321107.9863636364
24551,Superior Sigil of Water,191.0,699.6666666666666,187.0,960.1428571428571,378.0,260.4761904761905,37.22861226434357,48709.04761904762
24280,Venom Sac,0.0,,377.0,493.0,377.0,,,
27485,Deathwish,210.0,2568.6666666666665,163.0,4753.625,373.0,2184.9583333333335,85.06196470282897,356148.2083333334
96284,Saltspray Sword,190.0,3248.0,181.0,5173.2,371.0,1925.1999999999998,59.27339901477831,348461.19999999995
95710,Saltspray Dagger,185.0,2904.6666666666665,185.0,4071.5454545454545,370.0,1166.878787878788,40.172554092682624,215872.57575757577
208,Nika's Boots,185.0,11503.222222222223,185.0,16745.833333333332,370.0,5242.6111111111095,45.57515285572157,969883.0555555553
24355,Sharp Fang,0.0,,369.0,566.0,369.0,,,
24298,Totem,0.0,,357.0,481.5,357.0,,,
86269,Powdered Rose Quartz,0.0,,343.0,99.0,343.0,,,
88118,Superior Rune of the Zephyrite,166.0,758.0,171.0,1038.25,337.0,280.25,36.97229551451187,47922.75
576,Zhed's Boots,167.0,9730.818181818182,167.0,16529.88888888889,334.0,6799.0707070707085,69.87152138732405,1135444.8080808083
646,Nika's Pauldrons,163.0,10614.25,164.0,16887.9375,327.0,6273.6875,59.106272228372234,1028884.75
80,Nika's Mask,163.0,9671.142857142857,163.0,13928.6875,326.0,4257.544642857143,44.023180153032584,693979.7767857143
1333,Devona's Gauntlets,161.0,3577.0,161.0,7434.64705882353,322.0,3857.6470588235297,107.84587807725832,621081.1764705883
84505,Superior Sigil of Severance,158.0,757.0,160.0,1152.2,318.0,395.20000000000005,52.20607661822986,63232.00000000001
96542,Spindrift Dagger,203.0,2440.0,113.0,4442.2,316.0,2002.1999999999998,82.05737704918033,226248.59999999998
24703,Superior Rune of Infiltration,155.0,5341.333333333333,155.0,8872.857142857143,310.0,3531.52380952381,66.11689608444478,547386.1904761905
26395,Anura,186.0,2371.1428571428573,123.0,3665.4,309.0,1294.2571428571428,54.58368478129895,159193.62857142856
125,Nika's Coat,152.0,10742.333333333334,152.0,14175.64705882353,304.0,3433.313725490196,31.960595700718613,521863.68627450976
24345,Heavy Bone,0.0,,297.0,964.5,297.0,,,
24324,Destroyer Core,0.0,,292.0,1330.0,292.0,,,
1188,Nika's Leggings,141.0,13137.142857142857,141.0,16088.75,282.0,2951.607142857143,22.467648977816445,416176.60714285716
73248,Stabilizing Matrix,0.0,,280.0,3732.6666666666665,280.0,,,
96668,Leopard Fang,132.0,3431.6666666666665,132.0,5766.666666666667,264.0,2335.0000000000005,68.0427391937834,308220.00000000006
19721,Glob of Ectoplasm,255.0,2279.0,0.0,,255.0,,,
83757,Congealed Putrescence,0.0,,250.0,16.0,250.0,,,
99842,Mist-Infused Maintenance Oil,250.0,672.0,0.0,,250.0,,,
24363,Engraved Totem,0.0,,250.0,554.0,250.0,,,
24296,Tiny Totem,0.0,,250.0,5.0,250.0,,,
24287,Smooth Scale,0.0,,250.0,542.0,250.0,,,
24519,Beryl Crystal,0.0,,250.0,152.0,250.0,,,
74266,Mussel,0.0,,250.0,12.0,250.0,,,
24352,Tiny Fang,0.0,,250.0,5.0,250.0,,,
24291,Vial of Thin Blood,0.0,,250.0,48.0,250.0,,,
24290,Vial of Weak Blood,0.0,,250.0,7.0,250.0,,,
19732,Hardened Leather Section,0.0,,250.0,215.0,250.0,,,
24272,Pile of Glittering Dust,0.0,,250.0,91.0,250.0,,,
24279,Small Venom Sac,0.0,,250.0,29.0,250.0,,,
24334,Pile of Vile Essence,0.0,,250.0,59.0,250.0,,,
74202,Barbed Thorn,0.0,,250.0,38.0,250.0,,,
19725,Ancient Wood Log,0.0,,250.0,205.0,250.0,,,
24299,Intricate Totem,0.0,,250.0,77.0,250.0,,,
24348,Claw,0.0,,250.0,505.0,250.0,,,
89271,Pile of Lucent Crystal,246.0,1343.0,0.0,,246.0,,,
12535,Rutabaga,0.0,,242.0,108.0,242.0,,,
24836,Superior Rune of the Scholar,120.0,40020.0,120.0,48308.333333333336,240.0,8288.333333333336,20.7104780942862,994600.0000000002
24658,Superior Sigil of Serpent Slaying,163.0,337.75,72.0,523.8333333333334,235.0,186.08333333333337,55.09499136442143,13398.000000000004
36053,Superior Sigil of the Night,124.0,4848.4,107.0,6958.0,231.0,2109.6000000000004,43.511261447075334,225727.20000000004
714,Nika's Gloves,113.0,9689.875,113.0,13474.4,226.0,3784.5249999999996,39.05648937679794,427651.32499999995
24473,Emerald Crystal,0.0,,219.0,159.0,219.0,,,
9586,18 Slot Mithril Box,109.0,19282.333333333332,109.0,25480.166666666668,218.0,6197.833333333336,32.142548446764756,675563.8333333336
66933,Foxfire Cluster,0.0,,217.0,247.0,217.0,,,
24583,Superior Sigil of Demons,109.0,651.25,107.0,1155.1818181818182,216.0,503.93181818181824,77.3791659396266,53920.70454545455
44975,Shiverstone,130.0,2948.25,77.0,5239.818181818182,207.0,2291.568181818182,77.72638622295199,176450.75
79786,Steak with Winterberry Sauce,100.0,1407.0,100.0,1926.0,200.0,519.0,36.88699360341152,51900.0
9438,Quality Sharpening Stone,97.0,443.0,97.0,899.3333333333334,194.0,456.33333333333337,103.00978179082017,44264.333333333336
19712,Ancient Wood Plank,0.0,,194.0,495.0,194.0,,,
24732,Superior Rune of Divinity,96.0,3399.0,97.0,5085.0,193.0,1686.0,49.60282436010591,163542.0
96471,Chunk of Petrified Echovald Resin,0.0,,187.0,459.0,187.0,,,
24474,Ruby Crystal,0.0,,184.0,160.0,184.0,,,
102558,Honey Flower,0.0,,181.0,662.4,181.0,,,
97781,Saltspray Staff,125.0,2947.3333333333335,55.0,3696.25,180.0,748.9166666666665,25.40997511875141,41190.41666666666
97676,Spindrift Axe,88.0,2931.5,88.0,5307.8,176.0,2376.3,81.06089032918302,209114.40000000002
12537,Blackberry,0.0,,174.0,89.0,174.0,,,
67183,Ogre Sharpening Stone,86.0,1687.5,86.0,1892.0,172.0,204.5,12.118518518518519,17587.0
86170,Superior Sigil of the Stars,94.0,2475.5,76.0,3437.222222222222,170.0,961.7222222222222,38.84961511703584,73090.88888888889
66524,Nopal,0.0,,169.0,19.0,169.0,,,
102503,Lowland Pine Log,0.0,,169.0,425.25,169.0,,,
66637,Piece of Ambrite,0.0,,167.0,238.0,167.0,,,
26152,Usoku's Needle,91.0,6469.25,74.0,10104.3,165.0,3635.0499999999993,56.18966649920778,268993.69999999995
96673,Saltspray Pistol,110.0,2741.0,55.0,4555.166666666667,165.0,1814.166666666667,66.18630670071751,99779.16666666669
96113,Saltspray Hammer,90.0,2930.6666666666665,59.0,3617.3333333333335,149.0,686.666666666667,23.43039126478618,40513.33333333335
96760,Spindrift Hammer,79.0,2597.3333333333335,65.0,4118.5,144.0,1521.1666666666665,58.56647843942504,98875.83333333333
48884,Pristine Toxic Spore Sample,0.0,,139.0,734.0,139.0,,,
24592,Superior Sigil of Stamina,70.0,603.0,68.0,872.0,138.0,269.0,44.61028192371476,18292.0
96384,Saltspray Mace,77.0,2795.5,56.0,3492.1666666666665,133.0,696.6666666666665,24.92100399451499,39013.33333333333
97041,Jade Bot Core: Tier 2,95.0,30299.833333333332,37.0,47717.2,132.0,17417.366666666665,57.48337449600932,644442.5666666667
103279,Charged Titan Ore,0.0,,132.0,435.3333333333333,132.0,,,
91796,Cultivated Clove,0.0,,131.0,3379.8333333333335,131.0,,,
24601,Superior Sigil of Battle,64.0,688.0,65.0,932.25,129.0,244.25,35.50145348837209,15876.25
97434,Spindrift Staff,77.0,2815.5,51.0,5098.75,128.0,2283.25,81.09572012076008,116445.75
12544,Ghost Pepper,0.0,,128.0,203.0,128.0,,,
67531,Bountiful Sharpening Stone,69.0,2091.0,58.0,2988.0,127.0,897.0,42.89813486370158,52026.0
24762,Superior Rune of the Krait,63.0,25564.8,63.0,34066.71428571428,126.0,8501.914285714283,33.256330132503614,535620.5999999999
28262,Éibhear Dunn,81.0,2119.6666666666665,45.0,3740.6,126.0,1620.9333333333334,76.47114326151912,72942.0
91768,Varietal Clove Seed,0.0,,125.0,71.0,125.0,,,
83545,Pitcher of Desert-Spiced Coffee,0.0,,123.0,716.0,123.0,,,
70772,Recipe: Svaard's Masque,72.0,26.0,50.0,3106.25,122.0,3080.25,11847.115384615385,154012.5
12534,Clove,0.0,,121.0,69.0,121.0,,,
75915,Recipe: Svaard's Visor,78.0,33.0,43.0,4171.4375,121.0,4138.4375,12540.719696969696,177952.8125
96290,Spindrift Greatsword,60.0,3088.3333333333335,60.0,5066.2,120.0,1977.8666666666663,64.04317323259578,118671.99999999999
12396,Plate of Coriander Crusted Meat Dinner,0.0,,120.0,401.0,120.0,,,
27328,Ebonblade,64.0,3753.3333333333335,54.0,6509.8,118.0,2756.4666666666667,73.4404973357016,148849.2
97244,Saltspray Focus,59.0,2816.0,59.0,3695.0,118.0,879.0,31.214488636363637,51861.0
12244,Oregano Leaf,0.0,,117.0,321.0,117.0,,,
24639,Superior Sigil of Paralyzation,60.0,52303.333333333336,55.0,65450.142857142855,115.0,13146.80952380952,25.135701084334052,723074.5238095236
12509,Seaweed,0.0,,114.0,277.0,114.0,,,
12547,Saffron Thread,0.0,,111.0,360.0,111.0,,,
24597,Superior Sigil of Hydromancy,55.0,1028.0,56.0,1392.0,111.0,364.0,35.40856031128405,20384.0
571,Berserker's Seer Boots of the Dolyak,55.0,2277.0,55.0,2909.0,110.0,632.0,27.755819060166885,34760.0
24711,Superior Rune of Vampirism,55.0,595.0,55.0,899.5,110.0,304.5,51.17647058823529,16747.5
24471,Sunstone Nugget,0.0,,110.0,1497.0,110.0,,,
44977,Cobalt,59.0,3224.0,46.0,5414.833333333333,105.0,2190.833333333333,67.95388751033911,100778.33333333331
94413,Giver's Candy Cane Rifle of Concentration,52.0,4513.5,52.0,7439.1,104.0,2925.6000000000004,64.81887670322367,152131.2
24561,Superior Sigil of Rage,51.0,311.6666666666667,51.0,451.25,102.0,139.58333333333331,44.78609625668448,7118.749999999999
12505,Asparagus Spear,0.0,,99.0,299.0,99.0,,,
27338,Dhuumseal,61.0,2341.3333333333335,37.0,5515.0,98.0,3173.6666666666665,135.54954441913438,117425.66666666666
74268,Mini Professor Mew,0.0,,97.0,10.25,97.0,,,
79638,Jailbroken,50.0,3705.6666666666665,46.0,7338.333333333333,96.0,3632.6666666666665,98.03004407663937,167102.66666666666
75241,Flax Fiber,0.0,,96.0,167.0,96.0,,,
97535,Scavenger Protocol: Magic Trophies,47.0,71654.66666666667,47.0,90009.0,94.0,18354.33333333333,25.614986695446675,862653.6666666664
79776,Winterberry Sorbet,47.0,528.0,47.0,771.0,94.0,243.0,46.02272727272727,11421.0
43358,Kralkachocolate Bar,0.0,,90.0,54.5,90.0,,,
24776,Superior Rune of Lyssa,44.0,353.0,44.0,447.0,88.0,94.0,26.628895184135974,4136.0
12329,Yam,0.0,,88.0,53.0,88.0,,,
66522,Prickly Pear,0.0,,87.0,650.8571428571429,87.0,,,
94411,Giver's Candy Cane Shield of Concentration,43.0,3626.3333333333335,43.0,8443.4,86.0,4817.066666666666,132.83573857891346,207133.86666666664
95864,Jade Bot Core: Tier 5,47.0,114993.4,38.0,152596.5,85.0,37603.100000000006,32.70022453462547,1428917.8000000003
95634,Crucible,45.0,3053.5,39.0,5808.875,84.0,2755.375,90.2366137219584,107459.625
100054,Viper's Abomination Torch,49.0,52931.0,32.0,70420.38461538461,81.0,17489.38461538461,33.04185565242412,559660.3076923075
19976,Mystic Coin,80.0,18051.0,0.0,,80.0,,,
77040,Recipe: Svaard's Striders,48.0,209.5,31.0,2469.7,79.0,2260.2,1078.854415274463,70066.2
72315,Maguuma Burl,0.0,,78.0,1266.0,78.0,,,
96403,Gate of Heaven,39.0,3959.5,39.0,4697.0,78.0,737.5,18.62608915267079,28762.5
95582,Scavenger Protocol: Might Trophies,44.0,76753.28571428571,31.0,95186.57142857143,75.0,18433.285714285725,24.016282225237465,571431.8571428575
2070,Berserker's Seer Gloves of Vampirism,44.0,2163.0,31.0,2807.0,75.0,644.0,29.773462783171524,19964.0
26541,Kryta's Embrace,40.0,2300.0,34.0,3206.75,74.0,906.75,39.42391304347826,30829.5
76230,Recipe: Svaard's Doublet,54.0,16.0,20.0,4488.25,74.0,4472.25,27951.5625,89445.0
97218,Spindrift Mace,37.0,2630.0,36.0,4877.166666666667,73.0,2247.166666666667,85.44359949302917,80898.00000000001
44964,Entropy,40.0,10019.666666666666,33.0,14900.833333333334,73.0,4881.166666666668,48.715858811005035,161078.50000000003
97112,Spindrift Sword,37.0,2750.25,35.0,5285.666666666667,72.0,2535.416666666667,92.18858891615915,88739.58333333334
89216,Charm of Skill,72.0,8268.0,0.0,,72.0,,,
28430,Peasant's Solution,45.0,3201.0,27.0,4998.5,72.0,1797.5,56.15432677288348,48532.5
24523,Medallion of the Soldier,0.0,,72.0,148.2,72.0,,,
76180,Recipe: Svaard's Reaver,33.0,119.0,39.0,1445.2857142857142,72.0,1326.2857142857142,1114.5258103241297,51725.142857142855
12333,Kale Leaf,0.0,,71.0,410.0,71.0,,,
93734,Shard of Crystallized Blood of Jormag,0.0,,71.0,2.0,71.0,,,
76166,Superior Rune of the Tempest,35.0,30077.5,35.0,38925.4,70.0,8847.900000000001,29.41700606765855,309676.50000000006
47083,Glimmerfang,34.0,2455.0,34.0,3773.2,68.0,1318.1999999999998,53.69450101832993,44818.799999999996
97284,Jade Bot Core: Tier 3,34.0,51113.0,34.0,86794.57142857143,68.0,35681.571428571435,69.80919028147719,1213173.4285714289
96051,Saltspray's Voice,46.0,2896.0,22.0,4797.333333333333,68.0,1901.333333333333,65.65377532228361,41829.33333333333
96467,Jade Bot Core: Tier 6,33.0,133058.5,34.0,168408.0,67.0,35349.5,26.566885993754624,1201883.0
97561,Saltspray Scepter,33.0,2769.0,34.0,3491.6666666666665,67.0,722.6666666666665,26.0984711688937,24570.66666666666
96504,Spindrift Short Bow,33.0,2361.0,33.0,3434.5,66.0,1073.5,45.46802202456586,35425.5
95997,Final Verdict,33.0,2440.0,33.0,5417.0,66.0,2977.0,122.00819672131146,98241.0
97020,Jade Bot Core: Tier 7,35.0,161076.8,31.0,209181.58333333334,66.0,48104.783333333355,29.864501488316975,1491248.283333334
97288,Spindrift Shield,33.0,3028.0,33.0,3984.5,66.0,956.5,31.588507265521798,31564.5
28272,Eir's Longbow,33.0,2725.0,33.0,4895.0,66.0,2170.0,79.63302752293579,71610.0
104351,Sinister Scavenged Obsidian Spear,33.0,2945.0,33.0,4908.0,66.0,1963.0,66.6553480475382,64779.0
75148,Recipe: Svaard's Breeches,40.0,191.33333333333334,25.0,3939.25,65.0,3747.9166666666665,1958.8414634146338,93697.91666666666
100173,Viper's Abomination Pistol,32.0,55166.0,32.0,72622.2,64.0,17456.199999999997,31.643041003516654,558598.3999999999
76635,Recipe: Svaard's Razor,31.0,123.5,32.0,1546.0,63.0,1422.5,1151.821862348178,45520.0
20372,Demure Dye,51.0,406.0,12.0,1032.3333333333333,63.0,626.3333333333333,154.2692939244663,7515.999999999999
100476,Viper's Abomination Dagger,36.0,52848.2,26.0,69883.66666666667,62.0,17035.466666666674,32.234715026560366,442922.13333333354
73586,Recipe: Svaard's Guise,39.0,498.4,23.0,3488.0,62.0,2989.6,599.8394863563403,68760.8
24664,Superior Sigil of Demon Slaying,31.0,2633.0,31.0,3475.25,62.0,842.25,31.98822635776681,26109.75
70880,Recipe: Svaard's Blade,25.0,214.5,36.0,2280.875,61.0,2066.375,963.3449883449882,74389.5
100868,Viper's Abomination Focus,35.0,6047.0,26.0,10333.444444444445,61.0,4286.444444444445,70.88547121621374,111447.55555555558
9569,18 Slot Invisible Bag,30.0,20517.5,30.0,26941.0,60.0,6423.5,31.307420494699645,192705.0
49430,+7 Agony Infusion,30.0,10622.0,30.0,13667.0,60.0,3045.0,28.66691771794389,91350.0
87076,Bowl of Poultry Satay,20.0,14209.0,39.0,18238.81818181818,59.0,4029.81818181818,28.361025982251952,157162.90909090903
96508,Obliterator,33.0,2718.0,25.0,5426.375,58.0,2708.375,99.64587932303164,67709.375
12234,Vanilla Bean,0.0,,57.0,329.0,57.0,,,
96978,Antique Summoning Stone,0.0,,57.0,13983.833333333334,57.0,,,
72832,Recipe: Svaard's Visage,33.0,885.0,24.0,6303.5,57.0,5418.5,612.2598870056497,130044.0
76968,Recipe: Svaard's Tassets,37.0,101.33333333333333,19.0,2510.6,56.0,2409.2666666666664,2377.565789473684,45776.066666666666
24688,Superior Rune of the Lich,28.0,304.0,28.0,563.0,56.0,259.0,85.19736842105263,7252.0
28591,Rhongomyniad,28.0,6662.0,28.0,10850.4,56.0,4188.4,62.87000900630441,117275.19999999998
96179,Spindrift Rifle,38.0,2477.0,17.0,4018.0,55.0,1541.0,62.21235365361324,26197.0
44960,Bonetti's Rapier,29.0,44848.0,26.0,67782.75,55.0,22934.75,51.13884677131645,596303.5
75709,Recipe: Svaard's Warfists,32.0,115.0,23.0,5874.636363636364,55.0,5759.636363636364,5008.379446640316,132471.63636363638
20483,Old Penny Dye,55.0,42.0,0.0,,55.0,,,
20636,Purple Ice Dye,55.0,374.0,0.0,,55.0,,,
71179,Recipe: Svaard's Warhammer,19.0,47.0,36.0,910.6,55.0,863.6,1837.4468085106382,31089.600000000002
74090,Pile of Flax Seeds,0.0,,55.0,247.0,55.0,,,
95923,Jade Assistant: Gliding Booster 1,29.0,84940.5,25.0,119180.6,54.0,34240.100000000006,40.31068806988422,856002.5000000001
81837,Oyster,0.0,,54.0,14.0,54.0,,,
25990,Serpentstone,35.0,2298.0,19.0,5080.0,54.0,2782.0,121.06179286335946,52858.0
24589,Superior Sigil of Speed,27.0,3851.5,27.0,5436.0,54.0,1584.5,41.13981565623783,42781.5
24609,Superior Sigil of Doom,26.0,37016.0,27.0,47589.5,53.0,10573.5,28.564674735249625,285484.5
102135,Mist-Infused Master Tuning Crystal,53.0,1442.0,0.0,,53.0,,,
24315,Molten Lodestone,0.0,,52.0,3054.0,52.0,,,
103427,Mursaat Obsidian Chunk,0.0,,52.0,147.0,52.0,,,
72655,Opulent Defender,26.0,3277.0,26.0,7435.5,52.0,4158.5,126.89960329569729,108121.0
43466,Potent Hardened Sharpening Stone,0.0,,51.0,1484.0,51.0,,,
47099,The Hunt,25.0,2282.0,25.0,3384.0,50.0,1102.0,48.29097283085013,27550.0
12254,Raspberry,0.0,,50.0,107.0,50.0,,,
102003,Berserker's Serpent's Wrath Longbow,25.0,6227.0,25.0,12028.90909090909,50.0,5801.90909090909,93.17342365359066,145047.72727272726
47092,Rivetwall,24.0,2413.0,25.0,3234.75,49.0,821.75,34.05511811023622,20543.75
76290,Recipe: Svaard's Wristguards,31.0,714.5,18.0,7009.142857142857,49.0,6294.642857142857,880.9857042887134,113303.57142857142
44969,Lord Taeres's Shadow,25.0,36435.0,24.0,50385.5,49.0,13950.5,38.28873336077947,334812.0
24517,Medallion of the Magi,0.0,,49.0,147.2,49.0,,,
24791,Superior Rune of the Wurm,24.0,2304.0,24.0,3176.5,48.0,872.5,37.86892361111111,20940.0
24797,Superior Rune of the Flame Legion,24.0,1757.0,24.0,3043.3333333333335,48.0,1286.3333333333335,73.21191424777082,30872.000000000004
70842,Mordrem Lodestone,0.0,,48.0,182.0,48.0,,,
20448,Antique Olive Dye,47.0,11.0,1.0,25.0,48.0,14.0,127.27272727272727,14.0
36038,Trick-or-Treat Bag,0.0,,48.0,343.3333333333333,48.0,,,
72392,Recipe: Svaard's Shoulderguard,32.0,306.3333333333333,16.0,1882.4285714285713,48.0,1576.095238095238,514.50334214208,25217.52380952381
24339,Corrupted Core,47.0,1098.0,0.0,,47.0,,,
100121,Viper's Abomination Greatsword,26.0,2907.0,21.0,6488.8,47.0,3581.8,123.21293429652565,75217.8
100866,Viper's Abomination Staff,34.0,41680.8,13.0,59858.2,47.0,18177.399999999994,43.61096715993933,236306.19999999992
24275,Pile of Luminous Dust,0.0,,47.0,1361.0,47.0,,,
26380,Hypnotic Scepter,34.0,2234.5,12.0,3453.5,46.0,1219.0,54.55359140747371,14628.0
24729,Superior Rune of Hoelbrak,23.0,2263.0,23.0,3290.6666666666665,46.0,1027.6666666666665,45.41169538960082,23636.33333333333
24531,Medallion of the Rabid,0.0,,45.0,141.25,45.0,,,
24562,Superior Sigil of Strength,24.0,52745.0,21.0,68533.0,45.0,15788.0,29.932695042184093,331548.0
24607,Superior Sigil of Energy,22.0,5651.0,23.0,8339.0,45.0,2688.0,47.56680233586976,61824.0
97832,Saltspray Warhorn,22.0,2793.0,22.0,3547.75,44.0,754.75,27.022914428929468,16604.5
25964,Jaws of Death,22.0,2284.0,22.0,3112.0,44.0,828.0,36.25218914185639,18216.0
89419,Giver's Candy Cane Pistol of Concentration,22.0,2040.0,22.0,6268.142857142857,44.0,4228.142857142857,207.26190476190473,93019.14285714286
89404,Giver's Candy Cane Scepter of Concentration,22.0,3369.0,22.0,7509.0,44.0,4140.0,122.88512911843277,91080.0
96048,Haetae,26.0,2302.5,18.0,3930.5,44.0,1628.0,70.70575461454939,29304.0
96600,Bellkeeper's Staff,22.0,2821.0,22.0,5685.333333333333,44.0,2864.333333333333,101.53609831029185,63015.33333333333
95784,Prosperity,22.0,2535.0,22.0,4993.25,44.0,2458.25,96.9723865877712,54081.5
24667,Superior Sigil of Wrath,22.0,381.5,22.0,830.0,44.0,448.5,117.56225425950197,9867.0
76799,Pouch of Green Pigment,0.0,,44.0,8.0,44.0,,,
72163,Recipe: Svaard's Breastplate,29.0,126.66666666666667,13.0,2274.0,42.0,2147.3333333333335,1695.2631578947369,27915.333333333336
24839,Superior Rune of the Water,20.0,49031.0,22.0,58888.166666666664,42.0,9857.166666666664,20.103947842521393,216857.66666666663
9301,Heavy Miner's Bag,0.0,,42.0,258.3333333333333,42.0,,,
96088,Memory of Aurene,0.0,,42.0,2448.5,42.0,,,
71692,Pouch of Red Pigment,0.0,,42.0,27.0,42.0,,,
96477,Mount Energy Booster 1,25.0,2726.0,16.0,4425.25,41.0,1699.25,62.33492296404989,27188.0
24316,Glacial Sliver,0.0,,40.0,787.0,40.0,,,
100281,Viper's Abomination Shield,20.0,3328.6666666666665,20.0,5579.0,40.0,2250.3333333333335,67.60464650510716,45006.66666666667
72463,Recipe: Svaard's Harpoon Gun,18.0,76.0,22.0,661.0,40.0,585.0,769.7368421052632,12870.0
87329,Holographic Super Drumstick,0.0,,40.0,1197.0,40.0,,,
24317,Glacial Fragment,0.0,,39.0,5915.0,39.0,,,
75140,Recipe: Svaard's Short Bow,18.0,27.0,21.0,750.4285714285714,39.0,723.4285714285714,2679.3650793650795,15192.0
101996,Berserker's Serpent's Wrath Spear,23.0,29756.75,16.0,48969.666666666664,39.0,19212.916666666664,64.56658293216384,307406.6666666666
71952,Pouch of Yellow Pigment,0.0,,39.0,19.0,39.0,,,
24288,Large Scale,36.0,67.0,2.0,68.0,38.0,1.0,1.4925373134328357,2.0
24476,Medallion of the Shaman,0.0,,38.0,144.75,38.0,,,
89999,Superior Rune of Fireworks,19.0,14113.5,19.0,17462.0,38.0,3348.5,23.725511035533355,63621.5
20480,Gold Dye,33.0,76.0,4.0,114.5,37.0,38.5,50.6578947368421,154.0
96722,Jade Runestone,0.0,,37.0,3894.5,37.0,,,
100330,Berserker's Shattered Staff,22.0,6247.0,15.0,9990.2,37.0,3743.2000000000007,59.91996158155916,56148.000000000015
71069,Piece of Mother-of-Pearl,0.0,,37.0,3784.0,37.0,,,
100551,Viper's Abomination Sword,24.0,23984.75,13.0,32225.75,37.0,8241.0,34.35933249252129,107133.0
47909,Candy Corn Cob,16.0,40428.0,20.0,41077.0,36.0,649.0,1.605323043435243,12980.0
75694,Pouch of Blue Pigment,0.0,,36.0,18.0,36.0,,,
82791,Superior Rune of the Deadeye,18.0,11691.0,18.0,19775.0,36.0,8084.0,69.14720725344282,145512.0
44950,Superior Sigil of Malice,20.0,52475.333333333336,16.0,62223.5,36.0,9748.166666666664,18.576664591617646,155970.66666666663
101997,Berserker's Serpent's Wrath Greatsword,18.0,16248.0,18.0,24315.6,36.0,8067.5999999999985,49.652880354505164,145216.8
24756,Superior Rune of the Ogre,18.0,28711.0,18.0,37627.25,36.0,8916.25,31.055170492145866,160492.5
100494,Viper's Abomination Axe,22.0,23603.0,14.0,33813.833333333336,36.0,10210.833333333336,43.260743690773786,142951.6666666667
81034,Magnanimous Sharpening Stone,0.0,,35.0,583.0,35.0,,,
24675,Superior Sigil of Smothering,18.0,422.3333333333333,17.0,402.0,35.0,-20.333333333333314,-4.814522494080501,-345.66666666666634
72822,Recipe: Svaard's Spire,22.0,51.0,13.0,1103.6666666666667,35.0,1052.6666666666667,2064.0522875816996,13684.666666666668
9591,20 Slot Orichalcum Box,17.0,100394.0,17.0,127872.75,34.0,27478.75,27.370908620037053,467138.75
100092,Viper's Abomination Short Bow,19.0,21533.666666666668,15.0,32293.75,34.0,10760.083333333332,49.96865373601027,161401.24999999997
97766,Tahkayun's Blade,24.0,2461.0,10.0,4391.5,34.0,1930.5,78.44372206420155,19305.0
75862,Pouch of White Pigment,0.0,,33.0,224.0,33.0,,,
24865,Superior Sigil of Celerity,14.0,41367.0,19.0,57222.375,33.0,15855.375,38.328558996301396,301252.125
72413,Recipe: Svaard's Artifact,11.0,169.0,22.0,1227.0,33.0,1058.0,626.03550295858,23276.0
101968,Berserker's Serpent's Wrath Rifle,17.0,5753.666666666667,16.0,10362.666666666666,33.0,4608.999999999999,80.10544000926943,73743.99999999999
44956,Superior Rune of Tormenting,18.0,47528.0,15.0,58445.5,33.0,10917.5,22.97066992088874,163762.5
96299,Jade Bot Core: Tier 8,16.0,213824.0,16.0,249993.33333333334,32.0,36169.33333333334,16.91546942033324,578709.3333333335
100493,Berserker's Shattered Greatsword,16.0,7018.0,16.0,10536.8,32.0,3518.7999999999993,50.13964092333997,56300.79999999999
2538,Berserker's Seer Pants of the Traveler,16.0,2129.0,16.0,3056.0,32.0,927.0,43.54156881164866,14832.0
89398,Giver's Candy Cane Sword of Concentration,16.0,3265.0,16.0,7517.333333333333,32.0,4252.333333333333,130.23991832567637,68037.33333333333
24584,Superior Sigil of Benevolence,16.0,547.0,16.0,1241.3333333333333,32.0,694.3333333333333,126.93479585618523,11109.333333333332
100428,Viper's Abomination Rifle,17.0,2625.3333333333335,14.0,6090.333333333333,31.0,3464.9999999999995,131.98324022346367,48509.99999999999
9287,Bag of Filched Goods,0.0,,31.0,299.6666666666667,31.0,,,
44989,Song of the Temptress,5.0,2221.5,26.0,3710.25,31.0,1488.75,67.01553004726536,38707.5
12163,Head of Garlic,0.0,,31.0,304.0,31.0,,,
19663,Bottle of Elonian Wine,0.0,,31.0,3132.0,31.0,,,
12143,Egg,0.0,,31.0,187.0,31.0,,,
95904,Treasure Hunter Protocol 1,16.0,37763.0,15.0,54143.5,31.0,16380.5,43.37711516563832,245707.5
72610,Recipe: Svaard's Revolver,9.0,78.0,22.0,689.0,31.0,611.0,783.3333333333333,13442.0
76134,Recipe: Svaard's Impaler,12.0,206.0,19.0,1442.25,31.0,1236.25,600.121359223301,23488.75
12134,Carrot,0.0,,30.0,84.0,30.0,,,
73830,Recipe: Svaard's Greatbow,14.0,122.0,16.0,1266.0,30.0,1144.0,937.704918032787,18304.0
73349,Recipe: Svaard's Greaves,21.0,756.0,9.0,3616.5,30.0,2860.5,378.37301587301585,25744.5
95981,Spindrift Scepter,15.0,2917.0,15.0,4148.333333333333,30.0,1231.333333333333,42.212318592160884,18469.999999999996
100770,Viper's Abomination Scepter,15.0,44863.0,15.0,62550.166666666664,30.0,17687.166666666664,39.424841554659,265307.49999999994
24678,Superior Sigil of Justice,15.0,2546.5,15.0,3332.6666666666665,30.0,786.1666666666665,30.872439295765425,11792.499999999998
77112,Pouch of Purple Pigment,0.0,,29.0,20.0,29.0,,,
2021,Berserker's Seer Gloves of the Centaur,22.0,2549.0,7.0,4439.5,29.0,1890.5,74.16633974107492,13233.5
76179,Freshwater Pearl,0.0,,28.0,7346.8,28.0,,,
82,Berserker's Seer Coat of the Afflicted,14.0,1822.0,14.0,2966.0,28.0,1144.0,62.788144895718986,16016.0
24582,Superior Sigil of Life,14.0,365.0,14.0,480.5,28.0,115.5,31.643835616438352,1617.0
104345,Sinister Scavenged Obsidian Greatsword,14.0,2308.0,14.0,5598.0,28.0,3290.0,142.5476603119584,46060.0
97481,Unity,16.0,2664.5,12.0,5842.666666666667,28.0,3178.166666666667,119.27816350785014,38138.0
96628,Jade Bot Core: Tier 4,12.0,73641.75,16.0,119511.33333333333,28.0,45869.58333333333,62.287470535848655,733913.3333333333
49432,+9 Agony Infusion,5.0,44273.0,23.0,51022.833333333336,28.0,6749.833333333336,15.245936198887215,155246.16666666672
24615,Superior Sigil of Force,12.0,15542.0,15.0,27926.666666666668,27.0,12384.666666666668,79.68515420580793,185770.00000000003
75270,Pouch of Orange Pigment,0.0,,27.0,64.0,27.0,,,
73086,Recipe: Svaard's Trident,8.0,65.0,19.0,726.0,27.0,661.0,1016.9230769230769,12559.0
74982,Pouch of Brown Pigment,0.0,,27.0,120.0,27.0,,,
20661,Blue Ice Dye,27.0,16.0,0.0,,27.0,,,
97742,Saltspray Rifle,12.0,2798.0,14.0,3356.2,26.0,558.1999999999998,19.94996426018584,7814.799999999997
94431,Giver's Candy Cane Focus of Concentration,13.0,3051.0,13.0,6516.333333333333,26.0,3465.333333333333,113.58024691358024,45049.33333333333
73165,Recipe: Svaard's Claymore,16.0,116.5,10.0,1563.2,26.0,1446.7,1241.8025751072962,14467.0
24672,Superior Sigil of Mad Scientists,14.0,539.6666666666666,12.0,1012.0,26.0,472.33333333333337,87.52316244595431,5668.0
83338,Superior Rune of the Firebrand,13.0,8070.5,13.0,11523.333333333334,26.0,3452.833333333334,42.783388059393275,44886.83333333334
2692,Berserker's Seer Mantle of Vampirism,14.0,1677.0,11.0,2975.0,25.0,1298.0,77.40011926058438,14278.0
20604,Lilac Dye,23.0,1331.0,2.0,5225.0,25.0,3894.0,292.56198347107437,7788.0
82876,Superior Sigil of Frenzy,12.0,11825.0,12.0,17608.0,24.0,5783.0,48.904862579281186,69396.0
71425,Superior Rune of the Berserker,12.0,40092.0,12.0,49777.5,24.0,9685.5,24.15818617180485,116226.0
48735,Xanthium of Dreams,12.0,38680.0,12.0,48859.625,24.0,10179.625,26.317541365046537,122155.5
95676,Spindrift Longbow,12.0,3097.0,12.0,3870.5,24.0,773.5,24.97578301582176,9282.0
91,Carrion Seer Coat of the Afflicted,12.0,2330.0,12.0,3003.0,24.0,673.0,28.88412017167382,8076.0
77119,Recipe: Svaard's Wand,8.0,67.0,16.0,1298.0,24.0,1231.0,1837.3134328358208,19696.0
44947,Superior Sigil of Renewal,13.0,76662.66666666667,11.0,100080.0,24.0,23417.33333333333,30.54594152738403,257590.66666666663
9571,20 Slot Gossamer Bag,12.0,100831.5,12.0,123471.25,24.0,22639.75,22.453052865424,271677.0
96255,Saltspray Short Bow,11.0,2649.0,12.0,3392.3333333333335,23.0,743.3333333333335,28.060903485592053,8920.000000000002
100584,Viper's Abomination Hammer,13.0,3454.0,10.0,5788.75,23.0,2334.75,67.59554140127389,23347.5
71254,Recipe: Svaard's Pauldrons,9.0,104.0,14.0,1600.1666666666667,23.0,1496.1666666666667,1438.621794871795,20946.333333333336
44985,Crystal Guardian,13.0,5777.333333333333,10.0,9328.333333333334,23.0,3551.000000000001,61.46434341103164,35510.00000000001
24325,Destroyer Lodestone,0.0,,23.0,12491.5,23.0,,,
100156,Berserker's Shattered Short Bow,12.0,3174.0,11.0,6132.5,23.0,2958.5,93.21045998739761,32543.5
95995,Skoll and Hati,12.0,2753.0,11.0,5399.666666666667,23.0,2646.666666666667,96.13754691851315,29113.333333333336
24699,Superior Rune of the Dolyak,11.0,416.0,11.0,645.0,22.0,229.0,55.04807692307693,2519.0
70426,Pouch of Black Pigment,0.0,,22.0,858.0,22.0,,,
20316,Black Lion Chest,15.0,53.666666666666664,7.0,60.75,22.0,7.083333333333336,13.198757763975161,49.58333333333335
24533,Crest of the Shaman,0.0,,22.0,1259.7142857142858,22.0,,,
73987,Recipe: Svaard's Leggings,10.0,106.0,12.0,987.6666666666666,22.0,881.6666666666666,831.7610062893082,10580.0
91751,Cut of Quality Red Meat,0.0,,21.0,1156.0,21.0,,,
27798,Trosa's Short Bow,10.0,3174.5,11.0,3172.0,21.0,-2.5,-0.0787525594581824,-27.5
102655,Titan Heatstone,0.0,,21.0,490.0,21.0,,,
24314,Molten Core,0.0,,20.0,50.0,20.0,,,
66670,Lump of Raw Ambrite,0.0,,20.0,260.0,20.0,,,
75603,Recipe: Svaard's Grips,6.0,1707.0,14.0,9264.4,20.0,7557.4,442.729935559461,105803.59999999999
72977,Recipe: Svaard's Epaulets,17.0,1116.0,3.0,9433.0,20.0,8317.0,745.2508960573476,24951.0
24818,Superior Rune of the Thief,10.0,10031.0,10.0,13579.5,20.0,3548.5,35.375336456983355,35485.0
100916,Relic of the Thief,10.0,110912.33333333333,10.0,140027.8,20.0,29115.46666666666,26.250882829381762,291154.6666666666
104761,Lightborne Spear,10.0,223949.75,10.0,301351.0,20.0,77401.25,34.561882743785155,774012.5
2403,Berserker's Seer Mask of Rage,10.0,2066.0,10.0,2858.0,20.0,792.0,38.33494675701839,7920.0
86997,Plate of Beef Rendang,0.0,,19.0,2103.1666666666665,19.0,,,
36065,Recipe: Superior Sigil of the Night,10.0,7.0,9.0,24.5,19.0,17.5,250.0,157.5
72931,Recipe: Svaard's Brazier,7.0,29.0,12.0,613.0,19.0,584.0,2013.7931034482758,7008.0
9281,Supply Bag,0.0,,19.0,399.0,19.0,,,
9278,Tiny Supply Bag,0.0,,19.0,88.0,19.0,,,
38135,Flawless Snowflake,0.0,,18.0,1993.0,18.0,,,
100674,Berserker's Shattered Rifle,9.0,3819.0,9.0,6893.333333333333,18.0,3074.333333333333,80.501003753164,27668.999999999996
85384,Touch of Madness,9.0,6112.0,9.0,10494.0,18.0,4382.0,71.69502617801047,39438.0
97359,Spindrift Warhorn,11.0,2897.0,7.0,4038.3333333333335,18.0,1141.3333333333335,39.397077436428496,7989.333333333334
101963,Berserker's Serpent's Wrath Pistol,9.0,15602.0,9.0,22813.0,18.0,7211.0,46.21843353416229,64899.0
12144,Snow Truffle,0.0,,17.0,45.0,17.0,,,
20530,Sage Dye,12.0,1486.0,5.0,3799.0,17.0,2313.0,155.6527590847914,11565.0
96070,Jade Bot Core: Tier 9,8.0,303050.5,8.0,354998.5,16.0,51948.0,17.141697505861234,415584.0
20650,Cobalt Dye,8.0,2197.0,8.0,5391.5,16.0,3194.5,145.40282203004097,25556.0
24708,Superior Rune of Mercy,8.0,359.0,8.0,582.0,16.0,223.0,62.116991643454035,1784.0
102024,Berserker's Serpent's Wrath Sword,8.0,33705.0,8.0,39997.0,16.0,6292.0,18.667853434208574,50336.0
102039,Berserker's Serpent's Wrath Focus,8.0,9010.0,8.0,14461.0,16.0,5451.0,60.49944506104329,43608.0
102050,Berserker's Serpent's Wrath Axe,8.0,33550.0,8.0,45582.5,16.0,12032.5,35.864381520119224,96260.0
24313,Molten Shard,0.0,,16.0,1289.0,16.0,,,
38467,Slingshot Skin,15.0,251.0,0.0,,15.0,,,
76509,Recipe: Svaard's Footwear,6.0,57.0,9.0,5367.4,15.0,5310.4,9316.491228070174,47793.6
46738,Deldrimor Steel Ingot,0.0,,15.0,35598.0,15.0,,,
99106,Halloween Prize Bag,0.0,,15.0,4160.4,15.0,,,
36084,Spicy Pumpkin Cookie,0.0,,14.0,442.0,14.0,,,
102014,Berserker's Serpent's Wrath Staff,7.0,6009.0,7.0,12213.0,14.0,6204.0,103.24513230154768,43428.0
74326,Superior Sigil of Transference,7.0,50419.5,7.0,63023.5,14.0,12604.0,24.998264560338757,88228.0
101981,Berserker's Serpent's Wrath Shield,7.0,3304.6666666666665,7.0,8818.0,14.0,5513.333333333334,166.83477910026227,38593.333333333336
24360,Slab of Poultry Meat,0.0,,14.0,3708.0,14.0,,,
9365,Heavy Icy Bag,0.0,,14.0,447.0,14.0,,,
100947,Relic of Fireworks,7.0,109294.75,7.0,134541.0,14.0,25246.25,23.099233952225518,176723.75
24599,Superior Sigil of Leeching,7.0,302.0,7.0,592.0,14.0,290.0,96.02649006622516,2030.0
27638,Magmaton,6.0,2196.0,7.0,2708.0,13.0,512.0,23.31511839708561,3584.0
24648,Superior Sigil of Grawl Slaying,7.0,389.0,6.0,576.0,13.0,187.0,48.0719794344473,1122.0
96871,Skiff Supercharger 1,9.0,34376.0,4.0,96392.0,13.0,62016.0,180.40493367465672,248064.0
73679,Berserker's Seer's Warstaff,6.0,19381.0,6.0,28295.5,12.0,8914.5,45.99607863371343,53487.0
48911,Superior Sigil of Torment,6.0,144506.0,6.0,181075.66666666666,12.0,36569.66666666666,25.3066770007243,219417.99999999994
20725,Sour Dye,12.0,915.0,0.0,,12.0,,,
26135,Moonshank,6.0,2358.0,6.0,3338.0,12.0,980.0,41.56064461407973,5880.0
100085,Berserker's Shattered Warhorn,6.0,3003.0,6.0,6153.333333333333,12.0,3150.333333333333,104.9062049062049,18902.0
100088,Berserker's Shattered Shield,6.0,2899.0,6.0,4841.5,12.0,1942.5,67.00586409106589,11655.0
47094,Serpentsniper,6.0,2325.0,6.0,3194.0,12.0,869.0,37.376344086021504,5214.0
848,Koss' Greaves,6.0,1898.0,6.0,2286.0,12.0,388.0,20.442571127502635,2328.0
24821,Superior Rune of the Warrior,6.0,37993.0,6.0,49214.0,12.0,11221.0,29.534387913563027,67326.0
97204,Spindrift Torch,11.0,2868.0,1.0,3132.0,12.0,264.0,9.205020920502092,264.0
82582,Sliver of Twitching Forgemetal,0.0,,12.0,38.0,12.0,,,
104,Norgu's Coat,6.0,1975.0,6.0,2814.0,12.0,839.0,42.48101265822785,5034.0
96146,Harmony,9.0,2359.0,3.0,5223.666666666667,12.0,2864.666666666667,121.43563656916774,8594.0
104473,Sinister Scavenged Obsidian Sword,6.0,2307.0,6.0,5103.5,12.0,2796.5,121.21803207628956,16779.0
9349,Heavy Bag of Booty,0.0,,12.0,148.0,12.0,,,
99293,Jolly Wintersday Gift,0.0,,11.0,7026.25,11.0,,,
24524,Crest of the Soldier,0.0,,10.0,1211.4,10.0,,,
24532,Crest of the Rabid,0.0,,10.0,1226.6666666666667,10.0,,,
47087,Al'ir'aska,5.0,3808.0,5.0,7053.0,10.0,3245.0,85.21533613445378,16225.0
73812,Recipe: Svaard's Bastion,3.0,26.0,7.0,732.0,10.0,706.0,2715.3846153846152,4942.0
9280,Light Supply Bag,0.0,,10.0,217.0,10.0,,,
72576,Recipe: Svaard's Herald,1.0,102.0,9.0,372.0,10.0,270.0,264.70588235294116,2430.0
72119,Berserker's Ley Guard's Protector,5.0,14006.0,5.0,20749.0,10.0,6743.0,48.14365272026274,33715.0
49434,+11 Agony Infusion,2.0,177571.0,8.0,224998.33333333334,10.0,47427.33333333334,26.708940836810818,379418.66666666674
100572,Viper's Abomination Warhorn,5.0,7218.0,5.0,11286.0,10.0,4068.0,56.35910224438903,20340.0
76135,Bowl of Prickly Pear Tapioca Pudding,0.0,,9.0,335.8333333333333,9.0,,,
2135,Brutus' Pauldrons,8.0,1718.0,1.0,2704.0,9.0,986.0,57.392316647264266,986.0
48717,Aetherkey Piece,0.0,,9.0,5.5,9.0,,,
24518,Crest of the Magi,0.0,,9.0,1161.8,9.0,,,
46743,Xunlai Electrum Ingot,0.0,,9.0,40597.0,9.0,,,
100090,Relic of the Dragonhunter,4.0,90840.5,4.0,118927.5,8.0,28087.0,30.91902840693303,112348.0
1641,Brutus' Helm,5.0,1783.0,3.0,2674.0,8.0,891.0,49.971957375210316,2673.0
49433,+10 Agony Infusion,5.0,89077.0,3.0,113239.0,8.0,24162.0,27.12484704244642,72486.0
100042,Berserker's Shattered Scepter,4.0,3014.0,4.0,6848.666666666667,8.0,3834.666666666667,127.22848927228489,15338.666666666668
73430,Tattered Bat Wing,4.0,95201.0,4.0,103882.0,8.0,8681.0,9.118601695360343,34724.0
20647,Ancient Silver Dye,4.0,706.0,4.0,2497.0,8.0,1791.0,253.6827195467422,7164.0
24809,Superior Sigil of Ghost Slaying,4.0,521.0,3.0,529.0,7.0,8.0,1.5355086372360844,24.0
79,Berserker's Seer Coat of the Traveler,5.0,3265.0,2.0,8969.0,7.0,5704.0,174.70137825421133,11408.0
46739,Elonian Leather Square,0.0,,7.0,24299.0,7.0,,,
76100,Superior Rune of the Herald,4.0,28454.0,3.0,38715.666666666664,7.0,10261.666666666664,36.06405660598392,30784.999999999993
9296,Light Miner's Bag,0.0,,7.0,300.0,7.0,,,
49426,+3 Agony Infusion,0.0,,7.0,684.5,7.0,,,
66539,Bowl of Prickly Pear Sorbet,0.0,,7.0,30812.571428571428,7.0,,,
96992,Recycler: Jade Slivers,4.0,29618.0,3.0,43648.0,7.0,14030.0,47.36984266324533,42090.0
89103,Charm of Brilliance,7.0,2671.0,0.0,,7.0,,,
9361,Icy Bag,0.0,,7.0,700.0,7.0,,,
9371,Medium Moldy Bag,0.0,,7.0,335.0,7.0,,,
24572,Superior Sigil of Nullification,3.0,1000.0,3.0,1639.0,6.0,639.0,63.9,1917.0
104787,Lightborne Sword,3.0,132595.5,3.0,189994.5,6.0,57399.0,43.28879939364458,172197.0
100659,Relic of the Water,3.0,101692.66666666667,3.0,151992.0,6.0,50299.33333333333,49.46210477320553,150898.0
1644,Koss' Helm,5.0,1891.0,1.0,2790.0,6.0,899.0,47.540983606557376,899.0
44990,Razah's Nightmare,3.0,398082.6666666667,3.0,532695.6666666666,6.0,134612.99999999994,33.81533818771309,403838.9999999998
67181,Recipe: Superior Sigil of Cruelty,3.0,188.0,3.0,1317.5,6.0,1129.5,600.7978723404256,3388.5
9574,20 Slot Invisible Bag,3.0,111303.0,3.0,136751.5,6.0,25448.5,22.864163589480967,76345.5
49431,+8 Agony Infusion,2.0,21729.0,4.0,27676.666666666668,6.0,5947.666666666668,27.372022028932154,23790.66666666667
66538,Prickly Pear Pie,0.0,,6.0,270.8333333333333,6.0,,,
24696,Superior Rune of the Flock,3.0,339.0,3.0,757.0,6.0,418.0,123.3038348082596,1254.0
100148,Relic of Speed,3.0,103246.5,3.0,134996.5,6.0,31750.0,30.75164775561399,95250.0
104691,Lightborne Mace,4.0,138757.0,2.0,174996.0,6.0,36239.0,26.116880589808083,72478.0
99653,Xunlai Deep-Mining Hand Drill,3.0,3282.0,3.0,5740.0,6.0,2458.0,74.8933577087142,7374.0
80978,Bloody Red Dye,3.0,8661.0,3.0,14369.5,6.0,5708.5,65.91040295577878,17125.5
27791,Éibhear Finn,6.0,1959.0,0.0,,6.0,,,
97572,Rescue Protocol Recharge 1,5.0,40007.0,1.0,56199.0,6.0,16192.0,40.47291723948309,16192.0
1865,Koss' Legplates,5.0,1976.0,0.0,,5.0,,,
38062,Festive Golem Tonic,0.0,,5.0,5.0,5.0,,,
96151,Tale of Adventure,0.0,,5.0,10072.0,5.0,,,
24305,Charged Lodestone,0.0,,5.0,6388.0,5.0,,,
76833,Writ of Masterful Accuracy,5.0,8107.0,0.0,,5.0,,,
74925,Recipe: Svaard's Musket,0.0,,5.0,789.0,5.0,,,
70992,Jeweled Damask Patch,0.0,,5.0,88404.0,5.0,,,
9326,Bag of Testing Materials,0.0,,5.0,235.0,5.0,,,
24320,Glacial Lodestone,0.0,,5.0,2961.0,5.0,,,
9311,Small Bag of Trinkets,0.0,,5.0,295.0,5.0,,,
24340,Corrupted Lodestone,0.0,,5.0,10977.0,5.0,,,
44986,Komalie's Sacrificial Blade,1.0,460239.0,4.0,512093.6666666667,5.0,51854.666666666686,11.2668997339788,207418.66666666674
9305,Stolen Supplies Bag,0.0,,5.0,545.0,5.0,,,
8873,Potent Potion of Ogre Slaying,5.0,186.0,0.0,,5.0,,,
8864,Potent Potion of Flame Legion Slaying,5.0,220.0,0.0,,5.0,,,
19731,Rugged Leather Section,0.0,,5.0,156.0,5.0,,,
9279,Small Supply Bag,0.0,,5.0,99.0,5.0,,,
100368,Relic of the Scourge,2.0,89968.0,2.0,123464.5,4.0,33496.5,37.23157122532456,66993.0
24310,Onyx Lodestone,0.0,,4.0,6487.0,4.0,,,
93640,Berserker's Stormcaller Greatsword,2.0,143126.0,2.0,215792.5,4.0,72666.5,50.77099897991979,145333.0
100849,Relic of the Aristocracy,2.0,94434.0,2.0,123985.0,4.0,29551.0,31.292754728169943,59102.0
2141,Koss' Pauldrons,3.0,1812.0,1.0,2747.0,4.0,935.0,51.60044150110375,935.0
100219,Relic of the Herald,2.0,94360.0,2.0,119996.0,4.0,25636.0,27.168291649003816,51272.0
101271,Grieving Consecrated Saryx Dagger,4.0,83891.0,0.0,,4.0,,,
2543,Ogden's Leggings,4.0,1933.0,0.0,,4.0,,,
89696,Exquisite Serpentite Jewel,0.0,,4.0,2427.3333333333335,4.0,,,
99719,Repurposed Drill Leveler,2.0,3016.0,2.0,7412.0,4.0,4396.0,145.75596816976127,8792.0
100311,Relic of the Ogre,2.0,90462.0,2.0,159991.0,4.0,69529.0,76.85989697331476,139058.0
97091,Spindrift Pistol,2.0,2491.0,2.0,5291.0,4.0,2800.0,112.40465676435167,5600.0
97602,Demise of the Dragon,2.0,2372.0,2.0,4916.0,4.0,2544.0,107.25126475548062,5088.0
101257,Grieving Consecrated Saryx Warhorn,2.0,83262.0,2.0,143256.5,4.0,59994.5,72.05507914775048,119989.0
9373,Heavy Moldy Bag,0.0,,4.0,346.0,4.0,,,
66993,Grow Lamp,0.0,,4.0,200142.75,4.0,,,
104859,Lightborne Axe,2.0,130647.0,2.0,187998.0,4.0,57351.0,43.89767847711773,114702.0
44984,Crustacea,3.0,773977.6666666666,1.0,999998.0,4.0,226020.33333333337,29.20243607373685,226020.33333333337
102023,Berserker's Serpent's Wrath Torch,2.0,2618.0,2.0,7948.0,4.0,5330.0,203.59052711993888,10660.0
97790,Lamplighter's Badge,0.0,,4.0,13847.0,4.0,,,
9334,Tiny Thorned Bag,0.0,,4.0,221.0,4.0,,,
104860,Lightborne Greatsword,2.0,233040.0,2.0,299994.0,4.0,66954.0,28.73069001029866,133908.0
24580,Superior Sigil of Perception,2.0,270.0,2.0,397.0,4.0,127.0,47.03703703703704,254.0
27644,Ironfist,2.0,2298.0,2.0,4564.0,4.0,2266.0,98.60748476936466,4532.0
9335,Small Thorned Bag,0.0,,3.0,223.0,3.0,,,
9358,Tiny Icy Bag,0.0,,3.0,626.0,3.0,,,
9298,Miner's Sack,0.0,,3.0,403.0,3.0,,,
9289,Bag of Purloined Goods,0.0,,3.0,489.0,3.0,,,
24455,Skritt Artifact,0.0,,3.0,1704.0,3.0,,,
12753,Unidentified Purple Dye,0.0,,3.0,175.0,3.0,,,
12754,Unidentified Red Dye,0.0,,3.0,220.0,3.0,,,
70477,Berserker's Lightward's Battlestaff,2.0,470701.0,1.0,588883.0,3.0,118182.0,25.107658577313412,118182.0
19189,Caledon Lavender,0.0,,3.0,1075.0,3.0,,,
96464,Fallen Branch,0.0,,3.0,88.0,3.0,,,
9359,Small Icy Bag,0.0,,3.0,775.0,3.0,,,
48907,Superior Rune of Antitoxin,0.0,,3.0,1079.0,3.0,,,
101995,Berserker's Serpent's Wrath Scepter,2.0,5701.0,1.0,13979.0,3.0,8278.0,145.20259603578322,8278.0
20323,Unidentified Dye,0.0,,3.0,452.3333333333333,3.0,,,
74826,Recipe: Svaard's Flanged Mace,0.0,,3.0,837.6666666666666,3.0,,,
101214,Grieving Consecrated Saryx Sword,2.0,85435.0,1.0,133395.0,3.0,47960.0,56.1362439281325,47960.0
101162,Grieving Consecrated Saryx Axe,2.0,82619.0,1.0,147996.0,3.0,65377.0,79.13070843268497,65377.0
24571,Superior Sigil of Purity,2.0,511.0,1.0,593.0,3.0,82.0,16.046966731898237,82.0
46710,Rabid Intricate Gossamer Insignia,0.0,,3.0,5653.5,3.0,,,
24617,Major Sigil of Accuracy,0.0,,2.0,624.5,2.0,,,
75689,Krytan Lumber Core,0.0,,2.0,84.0,2.0,,,
27641,The Ugly Stick,0.0,,2.0,3122.5,2.0,,,
46687,Magi's Orichalcum Imbued Inscription,0.0,,2.0,217.0,2.0,,,
99787,Mist-Hardened Lockbox,0.0,,2.0,600.0,2.0,,,
27634,The Punisher,0.0,,2.0,2901.0,2.0,,,
103530,Kodan Cache Key,0.0,,2.0,1080.0,2.0,,,
24692,Major Rune of the Traveler,0.0,,2.0,453.5,2.0,,,
86316,Rose Quartz,0.0,,2.0,694.0,2.0,,,
24581,Major Sigil of Life,0.0,,2.0,365.0,2.0,,,
24590,Major Sigil of Luck,0.0,,2.0,377.0,2.0,,,
24602,Major Sigil of Battle,0.0,,2.0,379.5,2.0,,,
44479,Resplendent Watchwork Box,0.0,,2.0,3907.0,2.0,,,
46711,Magi's Intricate Gossamer Insignia,0.0,,2.0,6755.5,2.0,,,
45151,Errol's Mask,0.0,,2.0,3966.0,2.0,,,
24635,Major Sigil of Debility,0.0,,2.0,472.0,2.0,,,
46684,Shaman's Orichalcum Imbued Inscription,0.0,,2.0,128.0,2.0,,,
24826,Major Rune of the Trooper,0.0,,2.0,424.5,2.0,,,
75448,Alpine Lumber Core,0.0,,2.0,392.0,2.0,,,
24793,Major Rune of Svanir,0.0,,2.0,478.0,2.0,,,
100739,Relic of the Reaper,2.0,99002.0,0.0,,2.0,,,
100542,Relic of the Cavalier,1.0,97916.0,1.0,144998.0,2.0,47082.0,48.08407206176723,47082.0
100794,Relic of Resistance,1.0,101817.0,1.0,141103.0,2.0,39286.0,38.5849121463017,39286.0
28266,Bow of the White Hart,1.0,2086.0,1.0,2845.0,2.0,759.0,36.38542665388303,759.0
2664,Strong Cabalist Legs of Grenth,0.0,,2.0,2697.0,2.0,,,
44962,King's Remembrance,1.0,5367.0,1.0,5680.0,2.0,313.0,5.831935904602199,313.0
101247,Grieving Consecrated Saryx Mace,1.0,80525.0,1.0,168994.0,2.0,88469.0,109.86525923626202,88469.0
12745,Unidentified Purple Dye,0.0,,2.0,389.5,2.0,,,
9372,Large Moldy Bag,0.0,,2.0,165.0,2.0,,,
101973,Berserker's Serpent's Wrath Dagger,1.0,19162.0,1.0,29969.0,2.0,10807.0,56.398079532407884,10807.0
48729,Monkshood of Dreams,1.0,95404.0,1.0,191844.0,2.0,96440.0,101.08590834765837,96440.0
104705,Lightborne Staff,1.0,200121.0,1.0,288224.0,2.0,88103.0,44.0248649567012,88103.0
48737,Haunting Cap of Dreams,1.0,28998.0,1.0,49926.0,2.0,20928.0,72.17049451686324,20928.0
49435,+12 Agony Infusion,1.0,353763.0,1.0,484700.0,2.0,130937.0,37.012632751305254,130937.0
9275,Medium Ritual Bag,0.0,,2.0,436.0,2.0,,,
67375,Polyluminescent Undulating Refractor (Black),1.0,11765.0,1.0,18991.0,2.0,7226.0,61.41946451338717,7226.0
123,Zho's Mask,0.0,,2.0,3084.0,2.0,,,
67386,Unopened Endless Bottle of Batwing Brew,1.0,888.0,1.0,1282.0,2.0,394.0,44.36936936936937,394.0
9297,Miner's Bag,0.0,,2.0,549.0,2.0,,,
104721,Lightborne Rifle,1.0,210101.0,1.0,299896.0,2.0,89795.0,42.73896840091194,89795.0
71630,Berserker's Lightward's Battlehammer,1.0,217036.0,1.0,379907.0,2.0,162871.0,75.04331078715052,162871.0
104918,Lightborne Torch,1.0,135257.0,1.0,169997.0,2.0,34740.0,25.684437774015397,34740.0
26874,Kodanroar,1.0,2326.0,1.0,2997.0,2.0,671.0,28.847807394668962,671.0
24738,Superior Rune of Scavenging,1.0,641.0,1.0,1158.0,2.0,517.0,80.65522620904837,517.0
100429,Relic of Mercy,1.0,91436.0,1.0,136994.0,2.0,45558.0,49.82501421759482,45558.0
24318,Glacial Shard,0.0,,2.0,21973.5,2.0,,,
93,Shiro's Mask,1.0,1907.0,1.0,2995.0,2.0,1088.0,57.05296276874672,1088.0
100474,Viper's Abomination Mace,1.0,13911.0,1.0,25493.0,2.0,11582.0,83.2578534972324,11582.0
100450,Relic of the Chronomancer,1.0,88001.0,1.0,119995.0,2.0,31994.0,36.35640504085181,31994.0
1349,Koss' Gauntlets,1.0,1864.0,1.0,3528.0,2.0,1664.0,89.27038626609442,1664.0
24496,Exquisite Chrysocola Jewel,0.0,,2.0,5811.0,2.0,,,
9491,15 Slot Invisible Bag,1.0,7759.0,1.0,12769.0,2.0,5010.0,64.57017656914552,5010.0
24328,Crystal Shard,0.0,,2.0,243.0,2.0,,,
20460,Night Iris Dye,2.0,52.0,0.0,,2.0,,,
100435,Relic of the Earth,1.0,98022.0,1.0,147956.0,2.0,49934.0,50.94162534941135,49934.0
77316,Ghostly Infusion,1.0,610912.0,1.0,777773.0,2.0,166861.0,27.31342648368341,166861.0
95948,Turtle Siege Enhancer 1,1.0,50002.0,1.0,98999.0,2.0,48997.0,97.99008039678412,48997.0
100614,Relic of Evasion,1.0,140268.0,1.0,189996.0,2.0,49728.0,35.45213448541364,49728.0
99965,Relic of the Flock,1.0,114791.0,1.0,142994.0,2.0,28203.0,24.568999311792737,28203.0
24358,Ancient Bone,2.0,2011.0,0.0,,2.0,,,
24638,Major Sigil of Paralyzation,1.0,321.0,1.0,327.0,2.0,6.0,1.8691588785046727,6.0
24276,Pile of Incandescent Dust,0.0,,2.0,171.0,2.0,,,
24655,Superior Sigil of Ogre Slaying,1.0,388.0,1.0,699.0,2.0,311.0,80.15463917525774,311.0
97236,Spindrift Focus,1.0,1814.0,1.0,3919.0,2.0,2105.0,116.04189636163176,2105.0
24691,Superior Rune of the Traveler,1.0,1123.0,1.0,2998.0,2.0,1875.0,166.96349065004452,1875.0
100646,Valkyrie Eagle Eye Pistol,1.0,1487.0,0.0,,1.0,,,
73257,Salvaged Puissance,0.0,,1.0,377.0,1.0,,,
24530,Talisman of Mending,0.0,,1.0,45.0,1.0,,,
24,Sealed Package of Snowballs,0.0,,1.0,575.0,1.0,,,
569,Berserker's Seer Boots of the Citadel,0.0,,1.0,7564.0,1.0,,,
2024,Berserker's Seer Gloves of Rata Sum,0.0,,1.0,3287.0,1.0,,,
1355,Jalis' Gauntlets,0.0,,1.0,3997.0,1.0,,,
1339,Carrion Scallywag Gauntlets of the Afflicted,0.0,,1.0,2321.0,1.0,,,
1218,Berserker's Sneakthief Leggings of Infiltration,0.0,,1.0,7490.0,1.0,,,
834,Sheena's Greaves,0.0,,1.0,2583.0,1.0,,,
675,Ravaging Banded Greaves of Balthazar,0.0,,1.0,1898.0,1.0,,,
67180,Recipe: Superior Sigil of Cleansing,0.0,,1.0,2.0,1.0,,,
143,Carrion Sneakthief Coat of the Dolyak,0.0,,1.0,3997.0,1.0,,,
495,Ravaging Conjurer Chest of Rata Sum,0.0,,1.0,2454.0,1.0,,,
398,Berserker's Sneakthief Sandals of the Grove,0.0,,1.0,3996.0,1.0,,,
323,Aidan's Boots,0.0,,1.0,3537.0,1.0,,,
251,Vatlaaw's Coat,0.0,,1.0,4404.0,1.0,,,
71398,Ascalonian Lumber Core,0.0,,1.0,236.0,1.0,,,
74947,Heavy Goo-Covered Bag,0.0,,1.0,440.0,1.0,,,
71641,Pile of Coarse Sand,0.0,,1.0,65.0,1.0,,,
82143,Forged Staff,1.0,262613.0,0.0,,1.0,,,
100048,Relic of the Ice,1.0,100104.0,0.0,,1.0,,,
97691,Dragon's Scale,1.0,1050032.0,0.0,,1.0,,,
1035,Brutus' Chestguard,1.0,1612.0,0.0,,1.0,,,
1042,Koss' Chestguard,1.0,1872.0,0.0,,1.0,,,
101381,Thundercrag Pistol Skin,0.0,,1.0,159024.0,1.0,,,
100456,Sinister Saryx Greatsword,0.0,,1.0,2175.0,1.0,,,
100244,Jar of Dangerous Spirits,0.0,,1.0,31999993.0,1.0,,,
99795,Anguish Dye,0.0,,1.0,649998.0,1.0,,,
24642,Superior Sigil of Undead Slaying,1.0,597.0,0.0,,1.0,,,
24684,Superior Sigil of Sorrow,1.0,583.0,0.0,,1.0,,,
96900,Saltspray Longbow,0.0,,1.0,3076.0,1.0,,,
96679,Saltspray Shield,0.0,,1.0,2936.0,1.0,,,
36339,Ghastly Grinning Shield Skin,1.0,5555555.0,0.0,,1.0,,,
95704,Flame Serpent Hammer,0.0,,1.0,1988.0,1.0,,,
95551,Abyss Stalker Focus Skin,0.0,,1.0,114676.0,1.0,,,
44983,Arthropoda,1.0,720205.0,0.0,,1.0,,,
92711,Fine Black Lion Dye Canister—Green,0.0,,1.0,1823.0,1.0,,,
48730,Bloodlily of Dreams,1.0,108603.0,0.0,,1.0,,,
88201,Sun-Touched Zephyrite Gloves,0.0,,1.0,4440.0,1.0,,,
87313,Iboga Dye,0.0,,1.0,12456.0,1.0,,,
68091,Ancient Wood Logging Node,1.0,1060002.0,0.0,,1.0,,,
68093,Ghost Pepper Harvesting Node,1.0,850011.0,0.0,,1.0,,,
83736,Shorewatcher's Backup,0.0,,1.0,5180.0,1.0,,,
82806,Hearty Sugar Rib,0.0,,1.0,117.0,1.0,,,
79063,Flaxseed Harvesting Node,1.0,410000.0,0.0,,1.0,,,
49522,Dire Intricate Gossamer Insignia,0.0,,1.0,5719.0,1.0,,,
81701,Queen Bee Infusion,0.0,,1.0,35199997.0,1.0,,,
91202,Peerless Infusion,1.0,1000162.0,0.0,,1.0,,,
77604,Wintersday Gift,0.0,,1.0,499.0,1.0,,,
77303,Ghostly Infusion,0.0,,1.0,704089.0,1.0,,,
93566,Berserker's Stormcaller Axe,1.0,150049.0,0.0,,1.0,,,
2046,Norgu's Gloves,0.0,,1.0,2765.0,1.0,,,
2515,Ravaging Conjurer Mask of the Citadel,0.0,,1.0,1988.0,1.0,,,
2338,Strong Cabalist Gloves of the Dolyak,0.0,,1.0,1828.0,1.0,,,
2348,Honed Banded Pauldrons of the Citadel,0.0,,1.0,3078.0,1.0,,,
24753,Superior Rune of the Ice,0.0,,1.0,994.0,1.0,,,
24761,Major Rune of the Krait,0.0,,1.0,337.0,1.0,,,
24767,Major Rune of Dwayna,0.0,,1.0,340.0,1.0,,,
24782,Superior Rune of the Privateer,0.0,,1.0,1192.0,1.0,,,
23246,Penetrating Ring,0.0,,1.0,3050.0,1.0,,,
24820,Major Rune of the Warrior,0.0,,1.0,536.0,1.0,,,
23243,Strong Ring,0.0,,1.0,6274.0,1.0,,,
25958,Knot of Justice,0.0,,1.0,3683.0,1.0,,,
25971,Maw of the Damned,0.0,,1.0,34995.0,1.0,,,
26106,Strong Iron Mace of Chilling,0.0,,1.0,1088.0,1.0,,,
26151,Rampager's Iron Dagger of Debility,0.0,,1.0,2612.0,1.0,,,
26345,Hearty Iron Dagger of Leeching,0.0,,1.0,2468.0,1.0,,,
26366,Cleric's Iron Dagger of Agony,0.0,,1.0,1695.0,1.0,,,
26379,Berserker's Soft Wood Scepter of Bloodlust,0.0,,1.0,3633.0,1.0,,,
26503,Cleric's Iron Sword of Force,0.0,,1.0,2005.0,1.0,,,
26544,Guardian of the Six,0.0,,1.0,3331.0,1.0,,,
26559,Rampager's Iron Shield of Serpent Slaying,0.0,,1.0,2893.0,1.0,,,
26693,Ruinmaker,0.0,,1.0,5697.0,1.0,,,
26706,Dragonshot,0.0,,1.0,3126.0,1.0,,,
24752,Major Rune of the Ice,0.0,,1.0,404.0,1.0,,,
24746,Major Rune of the Fire,0.0,,1.0,461.0,1.0,,,
24736,Minor Rune of Scavenging,0.0,,1.0,244.0,1.0,,,
24644,Major Sigil of Centaur Slaying,0.0,,1.0,452.0,1.0,,,
24577,Major Sigil of Corruption,0.0,,1.0,231.0,1.0,,,
24515,Emerald Orb,0.0,,1.0,1320.0,1.0,,,
24511,Chrysocola Crystal,0.0,,1.0,177.0,1.0,,,
24598,Major Sigil of Leeching,0.0,,1.0,494.0,1.0,,,
24604,Major Sigil of Geomancy,0.0,,1.0,339.0,1.0,,,
24620,Major Sigil of Peril,0.0,,1.0,238.0,1.0,,,
24634,Minor Sigil of Debility,0.0,,1.0,231.0,1.0,,,
24640,Minor Sigil of Undead Slaying,0.0,,1.0,297.0,1.0,,,
24656,Major Sigil of Ogre Slaying,0.0,,1.0,389.0,1.0,,,
24731,Major Rune of Divinity,0.0,,1.0,487.0,1.0,,,
24659,Major Sigil of Serpent Slaying,0.0,,1.0,454.0,1.0,,,
24669,Minor Sigil of Wrath,0.0,,1.0,297.0,1.0,,,
24690,Major Rune of the Lich,0.0,,1.0,498.0,1.0,,,
24695,Major Rune of the Flock,0.0,,1.0,410.0,1.0,,,
24701,Major Rune of the Pack,0.0,,1.0,327.0,1.0,,,
24710,Major Rune of Vampirism,0.0,,1.0,343.0,1.0,,,
24712,Minor Rune of Strength,0.0,,1.0,241.0,1.0,,,
24718,Minor Rune of Speed,0.0,,1.0,308.0,1.0,,,
26808,Honed Iron Shield of Corruption,0.0,,1.0,1478.0,1.0,,,
27007,Mojo,0.0,,1.0,2705.0,1.0,,,
27184,Beacon of the True Legions,0.0,,1.0,2672.0,1.0,,,
2556,Khilbron's Leggings,0.0,,1.0,4133.0,1.0,,,
44992,Monsoon,0.0,,1.0,3024.0,1.0,,,
45147,Jatoro's Mantle,0.0,,1.0,4993.0,1.0,,,
45152,Errol's Leggings,0.0,,1.0,5767.0,1.0,,,
46686,Rabid Orichalcum Imbued Inscription,0.0,,1.0,130.0,1.0,,,
9266,Hidden Trove,0.0,,1.0,134.0,1.0,,,
8901,Phantasmal Tonic,0.0,,1.0,17.0,1.0,,,
2676,Honed Conjurer Pants of Rage,0.0,,1.0,5578.0,1.0,,,
46712,Soldier's Intricate Gossamer Insignia,0.0,,1.0,6993.0,1.0,,,
2555,Berserker's Seer Pants of Grenth,0.0,,1.0,2961.0,1.0,,,
9332,Bag of Theoretical Materials,0.0,,1.0,320.0,1.0,,,
47088,Bite of the Ebon Viper,0.0,,1.0,2985.0,1.0,,,
47089,Scorchrazor's Fist,0.0,,1.0,2684.0,1.0,,,
47091,Faithful,0.0,,1.0,3203.0,1.0,,,
47757,Dire Aureate Dirk of Air,0.0,,1.0,1900.0,1.0,,,
2520,Honed Conjurer Mask of Melandru,0.0,,1.0,3539.0,1.0,,,
24555,Superior Sigil of Ice,0.0,,1.0,783.0,1.0,,,
48905,Toxic Spore Skin,0.0,,1.0,15.0,1.0,,,
2397,Tahlkora's Mask,0.0,,1.0,4157.0,1.0,,,
9330,Bag of Provisional Materials,0.0,,1.0,402.0,1.0,,,
44028,Aetherized Scepter Skin,0.0,,1.0,85034.0,1.0,,,
27261,Strong Soft Wood Focus of Fire,0.0,,1.0,1392.0,1.0,,,
20549,Swamp Grass Dye,0.0,,1.0,96.0,1.0,,,
27581,Hearty Iron Greatsword of Ice,0.0,,1.0,3048.0,1.0,,,
22331,Salvageable Hide,0.0,,1.0,135.0,1.0,,,
21683,Valuable Metal Scrap,0.0,,1.0,47.0,1.0,,,
28258,Berserker's Soft Wood Longbow of Purity,0.0,,1.0,7252.0,1.0,,,
28275,Droknar's Recurve Bow,0.0,,1.0,3592.0,1.0,,,
28521,Honed Soft Wood Longbow of Hobbling,0.0,,1.0,1874.0,1.0,,,
28797,Cleric's Iron Spear of Peril,0.0,,1.0,3000.0,1.0,,,
32324,Legionnaire Firebrand,0.0,,1.0,5756.0,1.0,,,
20503,Far Mountain Dye,0.0,,1.0,81.0,1.0,,,
44013,Aetherized Hammer Skin,0.0,,1.0,359582.0,1.0,,,
37851,Soldier's Spineguard,0.0,,1.0,2614.0,1.0,,,
20470,Green Apple Dye,0.0,,1.0,438.0,1.0,,,
20388,Adobe Dye,0.0,,1.0,68.0,1.0,,,
38579,Magi's Aureate Staff,0.0,,1.0,2346.0,1.0,,,
41737,Salvageable Fused Metal Scrap,0.0,,1.0,244.0,1.0,,,
42003,Ballista Blueprint,0.0,,1.0,106.0,1.0,,,
20370,Sky Dye,0.0,,1.0,420.0,1.0,,,
19913,Berserker's Intricate Gossamer Insignia,0.0,,1.0,46973.0,1.0,,,
104228,Imperial Everbloom Spear Skin,0.0,,1.0,589985.0,1.0,,,
